EndNodes_1,EndNodes_2,Weight
1,2,4
1,3,4
1,4,1
1,5,4
1,6,1
1,7,3
1,9,1
1,10,2
1,11,1
1,12,4
1,13,2
1,14,3
1,15,3
1,16,2
1,17,2
1,18,1
1,19,2
1,20,2
1,21,2
1,22,3
1,23,2
1,24,3
1,25,1
1,26,1
1,27,2
1,28,3
1,29,2
1,30,2
1,31,2
1,32,1
1,33,2
1,34,2
1,35,1
1,36,1
1,37,2
1,38,2
1,39,2
1,40,2
1,41,2
1,42,2
1,43,2
1,44,2
1,45,2
1,46,1
1,47,1
1,48,2
1,49,2
1,51,1
1,52,1
1,53,2
1,54,2
1,55,1
1,56,2
1,57,2
1,58,2
1,59,3
1,60,2
1,61,3
1,62,3
1,63,2
1,64,1
1,65,2
1,66,2
1,67,4
1,68,1
1,69,2
1,70,1
1,71,1
1,72,1
1,73,2
1,74,1
1,75,3
1,76,2
1,77,2
1,78,3
1,79,2
1,80,3
1,81,1
1,82,2
1,83,2
1,84,1
1,85,3
1,86,2
1,87,2
1,88,2
1,89,2
1,91,1
1,93,1
1,94,2
1,95,1
1,96,1
2,3,4
2,4,1
2,5,2
2,7,1
2,9,1
2,10,1
2,11,2
2,12,2
2,14,1
2,15,1
2,16,1
2,17,2
2,18,2
2,19,2
2,20,1
2,22,2
2,23,2
2,24,1
2,25,1
2,26,1
2,27,2
2,28,2
2,29,1
2,30,2
2,31,1
2,34,1
2,35,2
2,36,2
2,37,2
2,40,2
2,41,1
2,42,2
2,43,2
2,44,1
2,45,2
2,46,1
2,48,2
2,49,1
2,52,1
2,54,1
2,55,2
2,56,1
2,57,1
2,58,1
2,60,1
2,61,1
2,62,1
2,64,2
2,65,3
2,66,2
2,67,2
2,68,1
2,70,2
2,72,2
2,73,2
2,74,1
2,75,2
2,76,2
2,77,1
2,78,2
2,79,2
2,80,2
2,82,1
2,83,1
2,86,3
2,87,1
2,88,3
2,89,3
2,90,1
2,91,1
2,94,1
2,95,1
2,96,1
3,4,1
3,5,2
3,7,2
3,9,1
3,10,2
3,11,1
3,12,2
3,13,2
3,14,3
3,15,2
3,16,3
3,17,2
3,18,1
3,19,3
3,20,3
3,21,2
3,22,3
3,23,3
3,24,3
3,25,1
3,26,1
3,27,3
3,28,3
3,29,3
3,30,2
3,31,2
3,33,1
3,34,1
3,35,1
3,36,2
3,37,4
3,38,1
3,39,1
3,40,2
3,41,2
3,42,3
3,43,3
3,44,3
3,45,3
3,46,2
3,47,1
3,48,3
3,49,2
3,51,1
3,52,2
3,53,1
3,54,3
3,55,3
3,56,3
3,57,3
3,58,3
3,60,2
3,61,3
3,62,3
3,63,1
3,64,1
3,65,3
3,66,3
3,67,4
3,68,2
3,69,1
3,70,3
3,71,1
3,72,4
3,73,2
3,74,3
3,75,4
3,76,4
3,77,3
3,78,3
3,79,5
3,80,3
3,81,1
3,82,4
3,83,1
3,84,1
3,85,1
3,86,3
3,87,2
3,88,5
3,89,4
3,90,2
3,91,1
3,93,1
3,94,2
3,95,2
3,96,1
4,6,1
4,8,1
4,9,1
4,12,1
4,14,1
4,15,1
4,18,1
4,21,1
4,24,1
4,26,1
4,28,1
4,30,1
4,32,1
4,34,1
4,38,1
4,42,1
4,46,1
4,47,1
4,51,1
4,55,1
4,57,1
4,63,1
4,74,1
4,80,1
4,81,1
4,84,1
4,85,1
4,90,1
4,92,3
4,93,1
4,96,1
5,6,1
5,7,3
5,8,1
5,9,1
5,10,1
5,11,1
5,12,3
5,13,1
5,14,2
5,15,2
5,16,1
5,17,2
5,19,2
5,20,1
5,21,1
5,22,3
5,23,2
5,24,2
5,25,1
5,26,1
5,27,2
5,28,3
5,29,1
5,30,3
5,31,2
5,32,2
5,33,1
5,34,1
5,35,1
5,36,1
5,37,2
5,38,1
5,39,1
5,40,3
5,41,2
5,42,2
5,43,2
5,44,1
5,45,2
5,46,2
5,47,2
5,48,2
5,49,1
5,51,1
5,53,1
5,54,1
5,55,1
5,56,2
5,57,2
5,58,1
5,60,2
5,61,2
5,62,1
5,63,1
5,64,1
5,65,2
5,66,2
5,67,2
5,68,2
5,69,1
5,70,1
5,71,1
5,72,1
5,73,2
5,74,1
5,75,2
5,76,2
5,77,2
5,78,3
5,79,2
5,80,2
5,81,1
5,82,1
5,83,2
5,84,1
5,85,2
5,86,2
5,87,2
5,88,2
5,89,2
5,91,1
5,93,1
5,94,3
5,95,1
6,7,3
6,8,2
6,9,1
6,12,2
6,13,1
6,14,2
6,15,1
6,16,1
6,18,1
6,20,1
6,21,1
6,26,1
6,31,2
6,33,1
6,34,2
6,35,1
6,38,1
6,39,1
6,44,1
6,47,1
6,49,1
6,50,2
6,52,1
6,53,1
6,57,1
6,59,2
6,61,1
6,62,1
6,63,2
6,71,1
6,72,1
6,75,1
6,77,1
6,80,1
6,81,1
6,83,1
6,85,2
6,91,1
6,95,1
6,96,2
7,8,1
7,9,1
7,10,1
7,11,1
7,12,5
7,13,2
7,14,3
7,15,1
7,16,2
7,17,2
7,18,1
7,19,2
7,20,2
7,21,1
7,22,2
7,23,1
7,24,2
7,26,1
7,27,2
7,28,3
7,29,1
7,30,1
7,31,3
7,33,2
7,34,2
7,35,2
7,36,1
7,37,2
7,39,2
7,40,2
7,41,3
7,42,2
7,43,3
7,44,2
7,45,2
7,46,1
7,47,1
7,48,2
7,49,3
7,50,2
7,51,1
7,52,1
7,53,2
7,54,1
7,55,1
7,56,3
7,57,2
7,58,1
7,59,3
7,60,2
7,61,2
7,62,2
7,63,2
7,65,2
7,66,2
7,67,2
7,68,1
7,69,1
7,70,1
7,71,2
7,72,2
7,73,3
7,74,1
7,75,3
7,76,2
7,77,2
7,78,2
7,79,2
7,80,3
7,81,3
7,82,1
7,83,1
7,84,1
7,85,2
7,86,2
7,87,1
7,88,2
7,89,2
7,91,2
7,93,1
7,94,2
7,95,3
7,96,2
8,9,3
8,11,1
8,13,1
8,14,1
8,15,2
8,21,2
8,24,2
8,25,1
8,26,4
8,29,2
8,30,1
8,33,2
8,34,1
8,36,1
8,38,1
8,41,1
8,46,1
8,52,2
8,55,1
8,57,1
8,63,2
8,64,1
8,80,1
8,85,1
8,87,1
8,90,1
8,92,1
8,94,1
8,95,1
9,10,2
9,11,2
9,12,2
9,13,3
9,14,3
9,15,3
9,16,2
9,17,3
9,18,2
9,19,3
9,20,1
9,21,2
9,22,2
9,23,1
9,24,1
9,25,2
9,26,5
9,27,3
9,28,2
9,29,2
9,30,3
9,31,1
9,32,1
9,33,3
9,34,3
9,35,2
9,36,4
9,37,3
9,38,2
9,39,2
9,40,4
9,41,2
9,42,3
9,43,3
9,44,1
9,45,2
9,46,1
9,47,2
9,48,3
9,49,2
9,50,1
9,51,1
9,52,2
9,53,2
9,54,1
9,55,1
9,56,2
9,57,3
9,58,2
9,60,2
9,61,1
9,62,1
9,63,1
9,64,1
9,65,2
9,66,2
9,67,1
9,69,1
9,73,1
9,75,1
9,76,1
9,78,1
9,79,1
9,80,1
9,83,1
9,84,1
9,85,1
9,86,2
9,87,1
9,88,1
9,89,1
9,90,2
9,91,2
9,93,1
9,94,2
9,95,1
10,11,1
10,12,2
10,13,3
10,14,2
10,15,3
10,16,4
10,17,3
10,18,2
10,19,4
10,20,2
10,21,2
10,22,3
10,23,3
10,24,2
10,25,2
10,26,1
10,27,4
10,28,3
10,29,3
10,30,2
10,31,3
10,32,1
10,33,3
10,34,3
10,35,1
10,36,3
10,37,4
10,38,1
10,39,2
10,40,3
10,41,2
10,42,4
10,43,4
10,44,3
10,45,3
10,46,3
10,47,3
10,48,4
10,49,4
10,50,1
10,51,2
10,52,2
10,53,3
10,54,4
10,55,3
10,56,2
10,57,2
10,58,1
10,59,1
10,60,2
10,61,3
10,62,3
10,63,1
10,65,3
10,66,3
10,67,2
10,68,2
10,69,3
10,70,2
10,71,1
10,72,2
10,73,1
10,74,2
10,75,2
10,76,2
10,77,2
10,78,2
10,79,2
10,80,2
10,81,1
10,82,2
10,83,2
10,84,2
10,85,1
10,86,3
10,87,2
10,88,2
10,89,2
10,90,2
10,91,1
10,93,2
10,94,1
10,95,2
11,12,2
11,13,2
11,14,2
11,15,2
11,16,1
11,17,3
11,18,2
11,19,2
11,20,2
11,21,2
11,22,2
11,23,1
11,24,2
11,25,1
11,26,3
11,27,2
11,28,2
11,29,2
11,30,2
11,31,1
11,32,1
11,33,2
11,34,1
11,35,2
11,36,2
11,37,2
11,38,2
11,39,1
11,40,2
11,41,3
11,42,2
11,43,2
11,44,1
11,45,2
11,46,2
11,47,2
11,48,2
11,49,1
11,50,1
11,51,1
11,52,2
11,53,2
11,54,1
11,55,2
11,56,2
11,57,2
11,58,1
11,60,1
11,63,1
11,64,1
11,65,1
11,66,1
11,67,1
11,73,2
11,75,1
11,76,1
11,78,1
11,79,1
11,80,2
11,86,2
11,88,1
11,89,1
11,91,1
11,92,1
11,94,1
11,96,1
12,13,3
12,14,4
12,15,4
12,16,3
12,17,3
12,18,4
12,19,3
12,20,4
12,21,2
12,22,3
12,23,2
12,24,6
12,25,1
12,26,2
12,27,3
12,28,5
12,29,3
12,30,2
12,31,4
12,32,2
12,33,3
12,34,3
12,35,3
12,36,2
12,37,3
12,38,2
12,39,3
12,40,3
12,41,4
12,42,4
12,43,3
12,44,3
12,45,3
12,46,3
12,47,3
12,48,3
12,49,3
12,50,2
12,51,3
12,52,2
12,53,3
12,54,2
12,55,4
12,56,4
12,57,3
12,58,1
12,59,2
12,60,2
12,61,2
12,62,2
12,63,2
12,64,1
12,65,2
12,66,2
12,67,2
12,68,1
12,69,1
12,70,1
12,71,2
12,72,2
12,73,3
12,74,2
12,75,3
12,76,2
12,77,2
12,78,2
12,79,2
12,80,3
12,81,4
12,82,1
12,83,2
12,84,2
12,85,2
12,86,2
12,87,1
12,88,2
12,89,2
12,90,1
12,91,2
12,92,1
12,93,2
12,94,2
12,95,2
12,96,2
13,14,4
13,15,3
13,16,4
13,17,3
13,18,3
13,19,3
13,20,5
13,21,2
13,22,2
13,23,2
13,24,2
13,25,1
13,26,2
13,27,3
13,28,2
13,29,3
13,30,2
13,31,3
13,32,3
13,33,5
13,34,4
13,35,1
13,36,2
13,37,3
13,38,3
13,39,3
13,40,3
13,41,2
13,42,3
13,43,3
13,44,3
13,45,2
13,46,2
13,47,4
13,48,3
13,49,4
13,50,1
13,51,2
13,52,2
13,53,5
13,54,3
13,55,2
13,56,2
13,57,2
13,58,1
13,59,1
13,60,2
13,61,3
13,62,3
13,63,2
13,65,2
13,66,2
13,67,1
13,68,1
13,69,2
13,70,1
13,71,1
13,72,1
13,73,1
13,74,1
13,75,3
13,76,1
13,77,2
13,78,1
13,79,1
13,80,2
13,81,1
13,82,2
13,83,2
13,84,2
13,85,2
13,86,2
13,87,2
13,88,1
13,89,2
13,90,1
13,91,1
13,93,2
13,94,2
13,95,2
13,96,2
14,15,3
14,16,3
14,17,3
14,18,2
14,19,4
14,20,4
14,21,3
14,22,3
14,23,2
14,24,2
14,25,1
14,26,3
14,27,3
14,28,4
14,29,2
14,30,2
14,31,3
14,32,1
14,33,3
14,34,5
14,35,2
14,36,2
14,37,3
14,38,2
14,39,3
14,40,3
14,41,3
14,42,3
14,43,3
14,44,3
14,45,3
14,46,2
14,47,3
14,48,4
14,49,3
14,50,1
14,51,2
14,52,2
14,53,3
14,54,3
14,55,2
14,56,3
14,57,4
14,58,1
14,59,1
14,60,2
14,61,2
14,62,2
14,63,3
14,65,2
14,66,2
14,67,2
14,68,1
14,69,1
14,70,1
14,71,1
14,72,1
14,73,2
14,74,1
14,75,4
14,76,2
14,77,2
14,78,2
14,79,2
14,80,3
14,81,1
14,82,2
14,83,1
14,84,1
14,85,3
14,86,2
14,87,1
14,88,2
14,89,3
14,91,1
14,93,1
14,94,2
14,95,1
14,96,1
15,16,4
15,17,3
15,18,2
15,19,3
15,20,3
15,21,5
15,22,2
15,23,2
15,24,6
15,25,1
15,26,3
15,27,3
15,28,2
15,29,6
15,30,1
15,31,2
15,32,1
15,33,4
15,34,4
15,35,1
15,36,2
15,37,3
15,38,2
15,39,2
15,40,3
15,41,3
15,42,3
15,43,3
15,44,2
15,45,2
15,46,3
15,47,3
15,48,3
15,49,3
15,50,1
15,51,2
15,52,2
15,53,3
15,54,2
15,55,4
15,56,2
15,57,3
15,58,2
15,60,2
15,61,3
15,62,3
15,63,3
15,64,1
15,65,3
15,66,2
15,67,2
15,68,1
15,69,2
15,70,1
15,71,1
15,72,1
15,73,1
15,74,1
15,75,1
15,76,1
15,77,1
15,78,1
15,79,1
15,80,2
15,81,1
15,82,2
15,83,3
15,84,2
15,85,2
15,86,2
15,87,2
15,88,1
15,89,1
15,90,1
15,91,1
15,92,1
15,93,3
15,94,1
15,95,1
16,17,3
16,18,4
16,19,4
16,20,3
16,21,2
16,22,3
16,23,3
16,24,3
16,25,2
16,26,1
16,27,4
16,28,3
16,29,4
16,30,2
16,31,4
16,32,1
16,33,4
16,34,4
16,35,1
16,36,3
16,37,5
16,38,1
16,39,3
16,40,3
16,41,2
16,42,4
16,43,4
16,44,5
16,45,3
16,46,3
16,47,3
16,48,4
16,49,5
16,50,1
16,51,2
16,52,4
16,53,4
16,54,3
16,55,3
16,56,3
16,57,3
16,58,2
16,59,1
16,60,2
16,61,4
16,62,4
16,63,2
16,64,1
16,65,3
16,66,3
16,67,2
16,68,2
16,69,2
16,70,3
16,71,1
16,72,2
16,73,1
16,74,3
16,75,4
16,76,3
16,77,4
16,78,2
16,79,3
16,80,3
16,81,1
16,82,2
16,83,2
16,84,2
16,85,2
16,86,3
16,87,2
16,88,3
16,89,2
16,90,3
16,91,1
16,93,2
16,94,1
16,95,2
16,96,1
17,18,3
17,19,4
17,20,2
17,21,2
17,22,3
17,23,2
17,24,2
17,25,1
17,26,2
17,27,4
17,28,4
17,29,2
17,30,2
17,31,2
17,32,2
17,33,4
17,34,4
17,35,2
17,36,3
17,37,4
17,38,2
17,39,2
17,40,4
17,41,3
17,42,4
17,43,4
17,44,2
17,45,3
17,46,2
17,47,3
17,48,5
17,49,3
17,50,2
17,51,3
17,52,1
17,53,3
17,54,2
17,55,2
17,56,3
17,57,3
17,58,3
17,60,3
17,61,2
17,62,2
17,63,1
17,64,1
17,65,3
17,66,3
17,67,2
17,68,1
17,69,2
17,70,1
17,71,1
17,72,1
17,73,3
17,74,1
17,75,2
17,76,2
17,77,1
17,78,2
17,79,2
17,80,2
17,81,1
17,82,1
17,83,2
17,84,2
17,85,1
17,86,4
17,87,1
17,88,2
17,89,2
17,90,1
17,91,2
17,93,2
17,94,2
17,95,1
18,19,2
18,20,2
18,21,1
18,22,1
18,23,1
18,24,3
18,25,1
18,26,1
18,27,2
18,28,2
18,29,1
18,30,1
18,31,2
18,32,2
18,33,3
18,34,3
18,35,3
18,36,2
18,37,3
18,38,2
18,39,2
18,40,3
18,41,1
18,42,3
18,43,2
18,44,3
18,45,1
18,46,2
18,47,3
18,48,2
18,49,3
18,50,1
18,51,2
18,52,3
18,53,3
18,54,1
18,55,2
18,56,2
18,57,2
18,58,2
18,59,1
18,60,1
18,61,2
18,62,2
18,63,1
18,64,2
18,65,1
18,66,1
18,69,1
18,70,1
18,73,1
18,74,2
18,75,1
18,76,1
18,77,2
18,79,1
18,80,1
18,81,1
18,83,1
18,84,2
18,85,1
18,86,2
18,88,1
18,89,1
18,90,3
18,91,1
18,92,1
18,93,3
18,96,1
19,20,2
19,21,2
19,22,4
19,23,3
19,24,2
19,25,2
19,26,2
19,27,5
19,28,5
19,29,3
19,30,3
19,31,3
19,32,1
19,33,3
19,34,4
19,35,2
19,36,4
19,37,5
19,38,2
19,39,2
19,40,4
19,41,3
19,42,5
19,43,5
19,44,3
19,45,4
19,46,3
19,47,4
19,48,6
19,49,4
19,50,1
19,51,2
19,52,2
19,53,3
19,54,3
19,55,3
19,56,3
19,57,3
19,58,2
19,60,3
19,61,3
19,62,3
19,63,1
19,65,4
19,66,4
19,67,3
19,68,2
19,69,2
19,70,2
19,71,1
19,72,2
19,73,2
19,74,2
19,75,3
19,76,3
19,77,2
19,78,3
19,79,3
19,80,3
19,81,1
19,82,2
19,83,2
19,84,2
19,85,1
19,86,4
19,87,2
19,88,3
19,89,3
19,90,2
19,91,2
19,93,2
19,94,2
19,95,2
20,21,2
20,22,2
20,23,3
20,24,3
20,25,1
20,26,1
20,27,2
20,28,2
20,29,3
20,30,1
20,31,3
20,32,1
20,33,3
20,34,3
20,35,1
20,36,1
20,37,2
20,38,2
20,39,3
20,40,2
20,41,2
20,42,2
20,43,2
20,44,3
20,45,2
20,46,2
20,47,3
20,48,2
20,49,3
20,50,1
20,51,2
20,52,2
20,53,4
20,54,3
20,55,4
20,56,2
20,57,2
20,59,1
20,60,1
20,61,2
20,62,2
20,63,2
20,65,1
20,66,1
20,67,1
20,68,1
20,69,1
20,70,1
20,71,1
20,72,2
20,73,1
20,74,1
20,75,3
20,76,1
20,77,2
20,78,1
20,79,1
20,80,2
20,81,1
20,82,2
20,83,1
20,84,1
20,85,2
20,86,1
20,87,1
20,88,2
20,89,2
20,93,1
20,94,1
20,95,1
20,96,3
21,22,2
21,23,2
21,24,4
21,25,1
21,26,3
21,27,2
21,28,2
21,29,4
21,30,1
21,31,2
21,32,1
21,33,3
21,34,3
21,35,1
21,36,1
21,37,2
21,38,3
21,39,2
21,40,2
21,41,3
21,42,2
21,43,2
21,44,2
21,45,2
21,46,3
21,47,2
21,48,2
21,49,2
21,50,1
21,51,2
21,52,2
21,53,2
21,54,3
21,55,3
21,56,2
21,57,3
21,58,1
21,60,1
21,61,2
21,62,2
21,63,3
21,65,1
21,66,1
21,67,2
21,68,1
21,69,2
21,70,1
21,71,1
21,72,1
21,73,1
21,74,1
21,75,1
21,76,1
21,77,1
21,78,1
21,79,1
21,80,2
21,81,1
21,82,2
21,83,1
21,84,1
21,85,2
21,86,1
21,87,1
21,88,1
21,89,1
21,92,1
21,93,1
21,94,1
21,95,1
22,23,4
22,24,2
22,25,3
22,26,2
22,27,4
22,28,5
22,29,3
22,30,4
22,31,3
22,32,2
22,33,2
22,34,2
22,35,2
22,36,3
22,37,4
22,38,2
22,39,2
22,40,3
22,41,3
22,42,4
22,43,4
22,44,3
22,45,4
22,46,3
22,47,2
22,48,4
22,49,3
22,50,1
22,51,2
22,52,2
22,53,2
22,54,3
22,55,3
22,56,3
22,57,3
22,58,1
22,60,2
22,61,2
22,62,2
22,63,1
22,65,3
22,66,3
22,67,3
22,68,2
22,69,1
22,70,2
22,71,1
22,72,2
22,73,2
22,74,2
22,75,3
22,76,3
22,77,2
22,78,4
22,79,3
22,80,3
22,81,1
22,82,2
22,83,1
22,84,1
22,85,2
22,86,3
22,87,3
22,88,3
22,89,3
22,90,1
22,91,1
22,93,1
22,94,2
22,95,2
23,24,2
23,25,3
23,26,1
23,27,3
23,28,4
23,29,3
23,30,3
23,31,3
23,32,2
23,33,2
23,34,2
23,35,1
23,36,2
23,37,3
23,38,2
23,39,2
23,40,2
23,41,2
23,42,3
23,43,3
23,44,3
23,45,3
23,46,3
23,47,2
23,48,3
23,49,3
23,50,1
23,51,2
23,52,2
23,53,2
23,54,3
23,55,4
23,56,2
23,57,2
23,60,1
23,61,2
23,62,2
23,63,1
23,65,2
23,66,2
23,67,2
23,68,2
23,69,1
23,70,2
23,71,1
23,72,4
23,73,1
23,74,2
23,75,2
23,76,2
23,77,2
23,78,3
23,79,2
23,80,2
23,81,1
23,82,2
23,83,1
23,84,1
23,85,2
23,86,2
23,87,3
23,88,3
23,89,2
23,90,1
23,93,1
23,94,1
23,95,2
23,96,1
24,25,1
24,26,2
24,27,2
24,28,4
24,29,5
24,30,1
24,31,2
24,32,2
24,33,3
24,34,2
24,35,1
24,36,1
24,37,3
24,38,4
24,39,2
24,40,2
24,41,4
24,42,3
24,43,2
24,44,3
24,45,2
24,46,4
24,47,3
24,48,2
24,49,2
24,50,1
24,51,3
24,52,3
24,53,2
24,54,2
24,55,5
24,56,4
24,57,3
24,58,2
24,60,1
24,61,2
24,62,2
24,63,2
24,64,2
24,65,1
24,66,1
24,67,2
24,68,1
24,69,1
24,70,2
24,71,2
24,72,1
24,73,2
24,74,3
24,75,1
24,76,2
24,77,2
24,78,1
24,79,2
24,80,3
24,81,3
24,82,2
24,83,2
24,84,2
24,85,1
24,86,1
24,87,1
24,88,2
24,89,1
24,90,2
24,91,1
24,92,2
24,93,2
24,94,1
24,95,1
25,26,2
25,27,2
25,28,3
25,29,2
25,30,3
25,31,2
25,32,2
25,33,1
25,34,1
25,35,1
25,36,3
25,37,2
25,38,2
25,39,1
25,40,1
25,41,1
25,42,2
25,43,2
25,44,2
25,45,2
25,46,2
25,47,1
25,48,2
25,49,2
25,50,1
25,51,1
25,52,3
25,53,1
25,54,2
25,55,2
25,56,1
25,57,1
25,60,1
25,61,1
25,62,1
25,64,1
25,65,1
25,66,1
25,67,1
25,68,1
25,70,1
25,72,1
25,74,1
25,75,1
25,76,1
25,77,1
25,78,2
25,79,1
25,80,1
25,82,1
25,85,1
25,86,1
25,87,2
25,88,1
25,89,1
25,90,2
25,95,1
25,96,1
26,27,2
26,28,2
26,29,3
26,30,3
26,31,1
26,32,1
26,33,3
26,34,2
26,35,2
26,36,3
26,37,2
26,38,2
26,39,1
26,40,2
26,41,3
26,42,2
26,43,2
26,44,1
26,45,2
26,46,2
26,47,1
26,48,2
26,49,1
26,50,1
26,51,1
26,52,3
26,53,1
26,54,1
26,55,2
26,56,2
26,57,3
26,58,1
26,60,1
26,63,2
26,64,1
26,65,1
26,66,1
26,67,1
26,73,1
26,75,1
26,76,1
26,78,1
26,79,1
26,80,2
26,85,1
26,86,1
26,87,1
26,88,1
26,89,1
26,90,1
26,91,1
26,92,1
26,94,2
26,95,1
27,28,4
27,29,3
27,30,3
27,31,3
27,32,1
27,33,3
27,34,3
27,35,2
27,36,4
27,37,5
27,38,1
27,39,2
27,40,4
27,41,3
27,42,5
27,43,5
27,44,3
27,45,4
27,46,3
27,47,3
27,48,5
27,49,4
27,50,1
27,51,2
27,52,2
27,53,3
27,54,3
27,55,3
27,56,3
27,57,3
27,58,2
27,60,3
27,61,3
27,62,3
27,63,1
27,65,4
27,66,4
27,67,3
27,68,2
27,69,2
27,70,2
27,71,1
27,72,2
27,73,2
27,74,2
27,75,3
27,76,3
27,77,2
27,78,3
27,79,3
27,80,3
27,81,1
27,82,2
27,83,2
27,84,2
27,85,1
27,86,4
27,87,2
27,88,3
27,89,3
27,90,2
27,91,2
27,93,2
27,94,2
27,95,2
28,29,3
28,30,4
28,31,3
28,32,3
28,33,3
28,34,4
28,35,2
28,36,3
28,37,4
28,38,5
28,39,2
28,40,3
28,41,4
28,42,5
28,43,4
28,44,3
28,45,4
28,46,4
28,47,4
28,48,6
28,49,3
28,50,1
28,51,3
28,52,2
28,53,2
28,54,3
28,55,4
28,56,4
28,57,3
28,58,1
28,60,2
28,61,2
28,62,2
28,63,1
28,65,3
28,66,3
28,67,3
28,68,2
28,69,1
28,70,2
28,71,1
28,72,2
28,73,3
28,74,3
28,75,3
28,76,3
28,77,2
28,78,4
28,79,3
28,80,3
28,81,3
28,82,2
28,83,1
28,84,2
28,85,2
28,86,3
28,87,3
28,88,3
28,89,3
28,90,2
28,91,2
28,92,1
28,93,2
28,94,2
28,95,2
29,30,3
29,31,3
29,32,1
29,33,4
29,34,2
29,35,1
29,36,2
29,37,3
29,38,3
29,39,2
29,40,2
29,41,3
29,42,3
29,43,3
29,44,3
29,45,3
29,46,4
29,47,2
29,48,3
29,49,3
29,50,1
29,51,2
29,52,3
29,53,2
29,54,3
29,55,5
29,56,2
29,57,2
29,58,1
29,60,1
29,61,3
29,62,3
29,63,2
29,65,2
29,66,2
29,67,3
29,68,2
29,69,1
29,70,2
29,71,1
29,72,2
29,73,1
29,74,2
29,75,2
29,76,2
29,77,2
29,78,2
29,79,2
29,80,3
29,81,1
29,82,3
29,83,1
29,84,1
29,85,1
29,86,2
29,87,3
29,88,2
29,89,2
29,90,1
29,92,1
29,93,1
29,94,2
29,95,3
30,31,3
30,32,3
30,33,2
30,34,1
30,35,2
30,36,3
30,37,3
30,38,3
30,39,1
30,40,2
30,41,2
30,42,3
30,43,3
30,44,2
30,45,3
30,46,3
30,47,2
30,48,3
30,49,2
30,50,1
30,51,1
30,52,2
30,53,1
30,54,2
30,55,2
30,56,2
30,57,2
30,58,1
30,60,1
30,61,2
30,62,1
30,65,2
30,66,2
30,67,2
30,68,2
30,70,1
30,72,1
30,73,1
30,74,1
30,75,2
30,76,2
30,77,2
30,78,3
30,79,2
30,80,2
30,82,1
30,85,1
30,86,2
30,87,3
30,88,2
30,89,2
30,90,1
30,91,1
30,92,1
30,94,2
30,95,2
31,32,2
31,33,3
31,34,3
31,35,2
31,36,2
31,37,3
31,38,1
31,39,3
31,40,2
31,41,2
31,42,3
31,43,3
31,44,4
31,45,3
31,46,4
31,47,3
31,48,3
31,49,4
31,50,2
31,51,2
31,52,3
31,53,3
31,54,3
31,55,3
31,56,2
31,57,2
31,59,2
31,60,1
31,61,4
31,62,3
31,63,2
31,65,2
31,66,2
31,67,2
31,68,3
31,69,1
31,70,2
31,71,2
31,72,3
31,73,1
31,74,2
31,75,3
31,76,2
31,77,4
31,78,2
31,79,2
31,80,3
31,81,2
31,82,2
31,83,1
31,84,1
31,85,2
31,86,2
31,87,2
31,88,2
31,89,2
31,90,1
31,93,1
31,94,1
31,95,3
31,96,2
32,33,1
32,34,1
32,35,1
32,36,1
32,37,1
32,38,3
32,39,1
32,40,1
32,41,1
32,42,2
32,43,1
32,44,1
32,45,1
32,46,3
32,47,3
32,48,1
32,49,1
32,50,2
32,51,4
32,52,1
32,53,1
32,54,1
32,55,2
32,56,1
32,57,1
32,58,1
32,61,1
32,68,1
32,74,1
32,77,1
32,78,1
32,81,1
32,84,1
32,85,1
32,87,1
32,90,1
32,92,1
32,93,1
33,34,5
33,35,1
33,36,2
33,37,3
33,38,3
33,39,3
33,40,3
33,41,3
33,42,3
33,43,3
33,44,3
33,45,2
33,46,3
33,47,3
33,48,4
33,49,4
33,50,1
33,51,2
33,52,3
33,53,4
33,54,2
33,55,3
33,56,2
33,57,2
33,58,1
33,59,1
33,60,2
33,61,3
33,62,3
33,63,3
33,65,2
33,66,2
33,67,1
33,68,1
33,69,2
33,70,1
33,71,1
33,72,1
33,73,1
33,74,1
33,75,2
33,76,1
33,77,2
33,78,1
33,79,1
33,80,3
33,81,1
33,82,1
33,83,2
33,84,2
33,85,2
33,86,2
33,87,2
33,88,1
33,89,1
33,90,1
33,91,1
33,92,1
33,93,2
33,94,2
33,95,2
33,96,1
34,35,1
34,36,2
34,37,3
34,38,3
34,39,3
34,40,3
34,41,2
34,42,3
34,43,3
34,44,3
34,45,2
34,46,2
34,47,4
34,48,5
34,49,4
34,50,1
34,51,2
34,52,2
34,53,4
34,54,2
34,55,2
34,56,2
34,57,3
34,58,1
34,59,1
34,60,2
34,61,3
34,62,3
34,63,3
34,65,2
34,66,2
34,67,1
34,68,1
34,69,2
34,70,1
34,71,1
34,72,1
34,73,1
34,74,2
34,75,2
34,76,1
34,77,2
34,78,1
34,79,1
34,80,2
34,81,1
34,82,1
34,83,2
34,84,2
34,85,3
34,86,3
34,87,1
34,88,1
34,89,2
34,90,1
34,91,1
34,93,2
34,94,1
34,95,1
34,96,1
35,36,2
35,37,2
35,38,1
35,39,1
35,40,3
35,41,2
35,42,2
35,43,2
35,44,1
35,45,2
35,46,1
35,47,1
35,48,2
35,49,1
35,50,2
35,51,1
35,52,1
35,53,1
35,54,1
35,55,1
35,56,2
35,57,2
35,58,1
35,59,1
35,60,1
35,65,1
35,66,1
35,67,1
35,71,1
35,72,1
35,73,1
35,75,1
35,76,1
35,78,1
35,79,1
35,80,1
35,81,1
35,86,1
35,88,1
35,89,2
35,91,1
35,93,1
35,94,1
35,95,1
35,96,1
36,37,4
36,38,1
36,39,1
36,40,3
36,41,2
36,42,4
36,43,4
36,44,2
36,45,3
36,46,2
36,47,2
36,48,4
36,49,3
36,50,1
36,51,1
36,52,3
36,53,2
36,54,2
36,55,2
36,56,2
36,57,2
36,58,2
36,60,2
36,61,2
36,62,2
36,64,1
36,65,3
36,66,3
36,67,2
36,68,1
36,69,1
36,70,1
36,72,1
36,73,1
36,74,1
36,75,2
36,76,2
36,77,1
36,78,2
36,79,2
36,80,2
36,82,1
36,83,1
36,84,1
36,86,3
36,87,1
36,88,2
36,89,2
36,90,3
36,91,2
36,93,1
36,94,1
36,95,1
37,38,1
37,39,2
37,40,4
37,41,3
37,42,5
37,43,5
37,44,4
37,45,4
37,46,3
37,47,3
37,48,5
37,49,4
37,50,1
37,51,2
37,52,3
37,53,3
37,54,3
37,55,3
37,56,4
37,57,4
37,58,3
37,60,3
37,61,3
37,62,3
37,63,1
37,64,1
37,65,4
37,66,4
37,67,3
37,68,2
37,69,2
37,70,3
37,71,1
37,72,2
37,73,2
37,74,3
37,75,3
37,76,4
37,77,3
37,78,3
37,79,4
37,80,3
37,81,1
37,82,2
37,83,2
37,84,2
37,85,1
37,86,4
37,87,2
37,88,4
37,89,3
37,90,3
37,91,2
37,93,2
37,94,2
37,95,2
38,39,1
38,40,1
38,41,1
38,42,2
38,43,1
38,44,1
38,45,1
38,46,2
38,47,5
38,48,3
38,49,1
38,50,2
38,51,2
38,52,1
38,53,2
38,54,1
38,55,2
38,56,1
38,57,1
38,58,1
38,61,1
38,62,1
38,67,1
38,69,1
38,74,1
38,78,1
38,80,1
38,81,1
38,82,1
38,83,1
38,84,1
38,85,1
38,87,2
38,90,1
38,91,1
38,92,1
38,93,1
38,94,2
38,95,1
38,96,1
39,40,3
39,41,2
39,42,3
39,43,2
39,44,3
39,45,2
39,46,3
39,47,2
39,48,2
39,49,3
39,50,1
39,51,3
39,52,2
39,53,3
39,54,2
39,55,2
39,56,2
39,57,2
39,59,1
39,60,1
39,61,3
39,62,3
39,63,2
39,65,1
39,66,1
39,67,1
39,68,1
39,69,1
39,70,1
39,71,1
39,72,1
39,73,1
39,74,1
39,75,2
39,76,1
39,77,2
39,78,1
39,79,1
39,80,2
39,81,1
39,82,1
39,83,1
39,84,1
39,85,2
39,86,1
39,87,1
39,88,1
39,89,1
39,93,1
39,94,1
39,95,1
39,96,1
40,41,3
40,42,4
40,43,4
40,44,2
40,45,3
40,46,2
40,47,3
40,48,4
40,49,3
40,50,1
40,51,2
40,52,1
40,53,3
40,54,2
40,55,2
40,56,3
40,57,3
40,58,2
40,60,3
40,61,2
40,62,2
40,63,1
40,65,3
40,66,3
40,67,2
40,68,1
40,69,2
40,70,1
40,71,1
40,72,1
40,73,2
40,74,1
40,75,2
40,76,2
40,77,1
40,78,2
40,79,2
40,80,2
40,81,1
40,82,1
40,83,2
40,84,2
40,85,1
40,86,3
40,87,1
40,88,2
40,89,3
40,90,1
40,91,2
40,93,2
40,94,3
40,95,1
41,42,3
41,43,3
41,44,2
41,45,3
41,46,3
41,47,2
41,48,4
41,49,2
41,50,1
41,51,2
41,52,2
41,53,2
41,54,2
41,55,3
41,56,4
41,57,3
41,58,1
41,60,2
41,61,1
41,62,1
41,63,2
41,65,2
41,66,2
41,67,2
41,68,1
41,69,1
41,70,1
41,71,1
41,72,1
41,73,3
41,74,1
41,75,2
41,76,2
41,77,1
41,78,2
41,79,2
41,80,3
41,81,2
41,82,1
41,83,1
41,84,1
41,85,1
41,86,2
41,87,1
41,88,2
41,89,2
41,91,2
41,92,1
41,93,1
41,94,2
41,95,1
42,43,5
42,44,3
42,45,4
42,46,5
42,47,4
42,48,5
42,49,4
42,50,2
42,51,4
42,52,2
42,53,3
42,54,3
42,55,4
42,56,3
42,57,3
42,58,2
42,60,3
42,61,4
42,62,4
42,63,1
42,65,4
42,66,4
42,67,3
42,68,3
42,69,2
42,70,2
42,71,2
42,72,2
42,73,2
42,74,3
42,75,3
42,76,3
42,77,2
42,78,3
42,79,3
42,80,3
42,81,2
42,82,2
42,83,2
42,84,3
42,85,1
42,86,4
42,87,2
42,88,3
42,89,3
42,90,3
42,91,2
42,92,1
42,93,3
42,94,2
42,95,2
43,44,3
43,45,4
43,46,3
43,47,3
43,48,5
43,49,5
43,50,2
43,51,2
43,52,2
43,53,3
43,54,3
43,55,3
43,56,3
43,57,3
43,58,2
43,59,1
43,60,3
43,61,3
43,62,3
43,63,1
43,65,4
43,66,4
43,67,3
43,68,2
43,69,2
43,70,2
43,71,1
43,72,2
43,73,2
43,74,2
43,75,3
43,76,3
43,77,2
43,78,3
43,79,3
43,80,3
43,81,1
43,82,2
43,83,2
43,84,2
43,85,1
43,86,4
43,87,2
43,88,3
43,89,3
43,90,2
43,91,2
43,93,2
43,94,2
43,95,3
44,45,3
44,46,3
44,47,2
44,48,3
44,49,4
44,50,1
44,51,2
44,52,4
44,53,3
44,54,3
44,55,3
44,56,3
44,57,3
44,58,1
44,59,1
44,60,1
44,61,3
44,62,3
44,63,2
44,64,1
44,65,2
44,66,2
44,67,2
44,68,2
44,69,1
44,70,3
44,71,1
44,72,2
44,73,1
44,74,3
44,75,3
44,76,3
44,77,4
44,78,2
44,79,3
44,80,3
44,81,1
44,82,2
44,83,1
44,84,1
44,85,2
44,86,2
44,87,2
44,88,3
44,89,2
44,90,2
44,93,1
44,94,1
44,95,2
44,96,1
45,46,3
45,47,2
45,48,4
45,49,3
45,50,1
45,51,2
45,52,2
45,53,2
45,54,3
45,55,3
45,56,3
45,57,3
45,58,1
45,60,2
45,61,2
45,62,2
45,63,1
45,65,3
45,66,3
45,67,4
45,68,3
45,69,1
45,70,2
45,71,1
45,72,2
45,73,3
45,74,2
45,75,3
45,76,3
45,77,2
45,78,3
45,79,3
45,80,3
45,81,1
45,82,2
45,83,1
45,84,1
45,85,1
45,86,3
45,87,2
45,88,3
45,89,3
45,90,1
45,91,1
45,93,1
45,94,2
45,95,2
46,47,4
46,48,3
46,49,3
46,50,1
46,51,4
46,52,3
46,53,2
46,54,3
46,55,5
46,56,2
46,57,2
46,60,1
46,61,4
46,62,3
46,63,2
46,65,2
46,66,2
46,67,2
46,68,3
46,69,1
46,70,2
46,71,1
46,72,2
46,73,1
46,74,3
46,75,2
46,76,2
46,77,3
46,78,2
46,79,2
46,80,3
46,81,2
46,82,2
46,83,1
46,84,2
46,85,1
46,86,2
46,87,2
46,88,2
46,89,2
46,90,2
46,92,2
46,93,2
46,94,1
46,95,2
47,48,4
47,49,3
47,50,2
47,51,3
47,52,1
47,53,4
47,54,2
47,55,3
47,56,2
47,57,2
47,58,1
47,60,2
47,61,3
47,62,2
47,63,1
47,65,2
47,66,2
47,67,1
47,68,2
47,69,2
47,70,1
47,71,1
47,72,1
47,73,1
47,74,2
47,75,1
47,76,1
47,77,2
47,78,1
47,79,1
47,80,1
47,81,2
47,82,1
47,83,3
47,84,3
47,85,1
47,86,2
47,87,1
47,88,1
47,89,1
47,90,2
47,91,2
47,92,1
47,93,3
47,94,1
47,95,1
47,96,1
48,49,4
48,50,1
48,51,2
48,52,2
48,53,3
48,54,3
48,55,3
48,56,3
48,57,3
48,58,2
48,60,3
48,61,3
48,62,3
48,63,1
48,65,4
48,66,4
48,67,3
48,68,2
48,69,2
48,70,2
48,71,1
48,72,2
48,73,2
48,74,2
48,75,3
48,76,3
48,77,2
48,78,3
48,79,3
48,80,3
48,81,1
48,82,2
48,83,2
48,84,2
48,85,1
48,86,4
48,87,2
48,88,3
48,89,3
48,90,2
48,91,2
48,93,2
48,94,2
48,95,2
49,50,2
49,51,2
49,52,3
49,53,4
49,54,3
49,55,3
49,56,2
49,57,2
49,58,1
49,59,2
49,60,2
49,61,4
49,62,4
49,63,2
49,65,3
49,66,3
49,67,2
49,68,2
49,69,2
49,70,2
49,71,1
49,72,2
49,73,1
49,74,2
49,75,3
49,76,2
49,77,3
49,78,2
49,79,2
49,80,3
49,81,1
49,82,2
49,83,2
49,84,2
49,85,2
49,86,3
49,87,2
49,88,2
49,89,2
49,90,2
49,91,1
49,93,2
49,94,1
49,95,3
49,96,1
50,51,2
50,52,1
50,53,1
50,54,1
50,55,1
50,56,1
50,57,1
50,58,1
50,59,2
50,68,1
50,70,1
50,71,2
50,72,1
50,81,1
50,83,1
50,91,1
50,95,2
50,96,1
51,52,1
51,53,2
51,54,2
51,55,3
51,56,2
51,57,2
51,58,1
51,60,1
51,61,2
51,62,2
51,63,1
51,65,1
51,66,1
51,67,1
51,68,1
51,69,1
51,70,1
51,71,1
51,72,1
51,73,1
51,74,2
51,75,1
51,76,1
51,77,1
51,78,1
51,79,1
51,80,1
51,81,2
51,82,1
51,83,1
51,84,2
51,85,1
51,86,1
51,87,1
51,88,1
51,89,1
51,90,1
51,92,1
51,93,2
51,94,1
51,95,1
52,53,2
52,54,2
52,55,3
52,56,2
52,57,2
52,58,1
52,59,1
52,61,2
52,62,2
52,63,2
52,64,2
52,65,1
52,66,1
52,67,1
52,68,1
52,70,2
52,72,1
52,74,2
52,75,2
52,76,2
52,77,3
52,78,1
52,79,2
52,80,3
52,82,1
52,85,1
52,86,1
52,87,1
52,88,2
52,89,1
52,90,3
52,92,1
52,95,1
52,96,1
53,54,2
53,55,2
53,56,3
53,57,2
53,58,1
53,59,1
53,60,3
53,61,3
53,62,3
53,63,2
53,65,2
53,66,2
53,67,1
53,68,1
53,69,2
53,70,1
53,71,1
53,72,1
53,73,1
53,74,1
53,75,2
53,76,1
53,77,2
53,78,1
53,79,1
53,80,2
53,81,1
53,82,1
53,83,2
53,84,2
53,85,2
53,86,2
53,87,1
53,88,1
53,89,1
53,90,1
53,91,1
53,93,2
53,94,1
53,95,1
53,96,2
54,55,3
54,56,2
54,57,2
54,59,1
54,60,1
54,61,2
54,62,2
54,63,1
54,65,2
54,66,2
54,67,2
54,68,2
54,69,2
54,70,2
54,71,1
54,72,2
54,73,1
54,74,2
54,75,3
54,76,2
54,77,2
54,78,2
54,79,2
54,80,2
54,81,1
54,82,3
54,83,1
54,84,1
54,85,1
54,86,2
54,87,2
54,88,2
54,89,3
54,90,1
54,93,1
54,94,1
54,95,2
55,56,2
55,57,2
55,60,1
55,61,2
55,62,2
55,63,2
55,65,2
55,66,2
55,67,2
55,68,2
55,69,1
55,70,2
55,71,1
55,72,3
55,73,1
55,74,3
55,75,2
55,76,2
55,77,2
55,78,2
55,79,2
55,80,3
55,81,2
55,82,2
55,83,1
55,84,2
55,85,1
55,86,2
55,87,2
55,88,3
55,89,2
55,90,2
55,92,2
55,93,2
55,94,1
55,95,2
55,96,1
56,57,4
56,58,2
56,60,3
56,61,1
56,62,1
56,63,1
56,64,1
56,65,2
56,66,2
56,67,2
56,68,1
56,69,1
56,70,2
56,71,1
56,72,1
56,73,3
56,74,2
56,75,2
56,76,3
56,77,2
56,78,2
56,79,3
56,80,2
56,81,2
56,82,1
56,83,1
56,84,1
56,85,1
56,86,2
56,87,1
56,88,3
56,89,2
56,90,1
56,91,2
56,93,1
56,94,2
56,95,1
57,58,2
57,60,2
57,61,1
57,62,1
57,63,2
57,64,1
57,65,2
57,66,2
57,67,2
57,68,1
57,69,1
57,70,2
57,71,1
57,72,1
57,73,2
57,74,2
57,75,2
57,76,3
57,77,2
57,78,2
57,79,3
57,80,2
57,81,1
57,82,1
57,83,1
57,84,1
57,85,2
57,86,2
57,87,1
57,88,3
57,89,2
57,90,1
57,91,1
57,93,1
57,94,2
57,95,1
58,59,1
58,60,3
58,61,4
58,62,3
58,63,1
58,64,2
58,65,3
58,66,3
58,67,3
58,68,1
58,69,2
58,70,2
58,71,1
58,72,1
58,73,2
58,74,2
58,75,4
58,76,3
58,77,2
58,78,2
58,79,3
58,80,2
58,82,1
58,83,1
58,84,1
58,86,2
58,88,2
58,89,1
58,90,2
58,91,2
58,93,1
58,94,1
58,96,1
59,60,1
59,61,2
59,62,2
59,63,2
59,64,1
59,65,1
59,66,1
59,67,2
59,68,1
59,69,2
59,70,1
59,71,2
59,72,2
59,73,1
59,74,1
59,75,2
59,76,1
59,77,2
59,78,1
59,79,1
59,80,2
59,81,1
59,85,1
59,95,2
59,96,2
60,61,3
60,62,3
60,63,2
60,64,1
60,65,4
60,66,4
60,67,3
60,68,2
60,69,3
60,70,2
60,71,2
60,72,2
60,73,3
60,74,2
60,75,3
60,76,3
60,77,2
60,78,3
60,79,3
60,80,3
60,81,1
60,82,1
60,83,2
60,84,2
60,85,1
60,86,3
60,87,1
60,88,2
60,89,2
60,90,1
60,91,2
60,93,2
60,94,2
60,95,1
61,62,7
61,63,3
61,64,1
61,65,4
61,66,4
61,67,4
61,68,4
61,69,3
61,70,3
61,71,2
61,72,3
61,73,2
61,74,3
61,75,5
61,76,3
61,77,5
61,78,3
61,79,3
61,80,4
61,81,1
61,82,3
61,83,2
61,84,2
61,85,2
61,86,3
61,87,2
61,88,2
61,89,2
61,90,2
61,91,1
61,93,2
61,94,1
61,95,2
61,96,1
62,63,3
62,64,1
62,65,4
62,66,4
62,67,4
62,68,3
62,69,3
62,70,3
62,71,2
62,72,3
62,73,2
62,74,3
62,75,4
62,76,3
62,77,4
62,78,3
62,79,3
62,80,4
62,81,1
62,82,3
62,83,2
62,84,2
62,85,2
62,86,3
62,87,2
62,88,2
62,89,2
62,90,2
62,91,1
62,93,2
62,94,1
62,95,2
62,96,1
63,64,1
63,65,2
63,66,2
63,67,2
63,68,2
63,69,2
63,70,2
63,71,2
63,72,2
63,73,2
63,74,2
63,75,3
63,76,2
63,77,3
63,78,2
63,79,2
63,80,4
63,81,1
63,82,1
63,83,1
63,84,1
63,85,3
63,86,1
63,87,1
63,88,1
63,89,1
63,92,1
63,93,1
63,94,1
63,95,1
63,96,1
64,65,1
64,66,1
64,67,1
64,68,1
64,69,1
64,70,2
64,71,1
64,72,1
64,73,2
64,74,2
64,75,1
64,76,2
64,77,2
64,78,1
64,79,2
64,80,1
64,83,1
64,86,1
64,88,1
64,90,2
65,66,5
65,67,4
65,68,3
65,69,3
65,70,3
65,71,2
65,72,3
65,73,3
65,74,3
65,75,4
65,76,4
65,77,3
65,78,4
65,79,4
65,80,4
65,81,1
65,82,2
65,83,2
65,84,2
65,85,1
65,86,4
65,87,2
65,88,3
65,89,3
65,90,2
65,91,2
65,93,2
65,94,2
65,95,2
66,67,4
66,68,3
66,69,3
66,70,3
66,71,2
66,72,3
66,73,3
66,74,3
66,75,4
66,76,4
66,77,3
66,78,4
66,79,4
66,80,4
66,81,1
66,82,2
66,83,2
66,84,2
66,85,1
66,86,4
66,87,2
66,88,3
66,89,3
66,90,2
66,91,2
66,93,2
66,94,2
66,95,2
67,68,4
67,69,2
67,70,3
67,71,2
67,72,3
67,73,4
67,74,3
67,75,4
67,76,4
67,77,3
67,78,4
67,79,4
67,80,4
67,81,1
67,82,3
67,83,1
67,84,1
67,85,1
67,86,3
67,87,2
67,88,3
67,89,3
67,90,1
67,91,1
67,93,1
67,94,2
67,95,2
68,69,2
68,70,3
68,71,3
68,72,3
68,73,3
68,74,3
68,75,3
68,76,3
68,77,4
68,78,3
68,79,3
68,80,3
68,81,1
68,82,2
68,83,1
68,84,1
68,85,1
68,86,2
68,87,2
68,88,2
68,89,2
68,90,1
68,93,1
68,94,1
68,95,2
69,70,2
69,71,2
69,72,2
69,73,2
69,74,2
69,75,2
69,76,2
69,77,2
69,78,2
69,79,2
69,80,2
69,81,1
69,82,1
69,83,2
69,84,2
69,85,1
69,86,2
69,87,1
69,88,1
69,89,1
69,90,1
69,91,1
69,93,2
69,94,1
69,95,1
70,71,3
70,72,3
70,73,2
70,74,4
70,75,3
70,76,4
70,77,4
70,78,3
70,79,4
70,80,3
70,81,1
70,82,2
70,83,1
70,84,1
70,85,1
70,86,2
70,87,2
70,88,3
70,89,2
70,90,2
70,93,1
70,94,1
70,95,2
71,72,3
71,73,2
71,74,2
71,75,2
71,76,2
71,77,2
71,78,2
71,79,2
71,80,2
71,81,2
71,82,1
71,83,1
71,84,1
71,85,1
71,86,1
71,87,1
71,88,1
71,89,1
71,93,1
71,94,1
71,95,2
71,96,1
72,73,2
72,74,3
72,75,3
72,76,3
72,77,3
72,78,3
72,79,3
72,80,3
72,81,2
72,82,2
72,83,1
72,84,1
72,85,1
72,86,2
72,87,2
72,88,3
72,89,2
72,90,1
72,93,1
72,94,1
72,95,3
72,96,2
73,74,2
73,75,3
73,76,3
73,77,2
73,78,3
73,79,3
73,80,3
73,81,2
73,82,1
73,83,1
73,84,1
73,85,1
73,86,3
73,87,1
73,88,2
73,89,2
73,91,2
73,93,1
73,94,2
73,95,1
74,75,3
74,76,4
74,77,4
74,78,3
74,79,4
74,80,3
74,81,2
74,82,2
74,83,1
74,84,2
74,85,1
74,86,3
74,87,2
74,88,3
74,89,3
74,90,3
74,92,1
74,93,2
74,94,1
74,95,2
75,76,4
75,77,4
75,78,4
75,79,4
75,80,5
75,81,1
75,82,3
75,83,1
75,84,1
75,85,2
75,86,3
75,87,2
75,88,3
75,89,4
75,90,1
75,91,1
75,93,1
75,94,2
75,95,2
75,96,1
76,77,4
76,78,4
76,79,5
76,80,4
76,81,1
76,82,2
76,83,1
76,84,1
76,85,1
76,86,3
76,87,2
76,88,4
76,89,3
76,90,2
76,91,1
76,93,1
76,94,2
76,95,2
77,78,3
77,79,4
77,80,4
77,81,1
77,82,2
77,83,1
77,84,1
77,85,2
77,86,2
77,87,2
77,88,3
77,89,2
77,90,2
77,93,1
77,94,1
77,95,2
77,96,1
78,79,4
78,80,4
78,81,1
78,82,2
78,83,1
78,84,1
78,85,2
78,86,3
78,87,3
78,88,3
78,89,3
78,90,1
78,91,1
78,93,1
78,94,2
78,95,2
79,80,4
79,81,1
79,82,2
79,83,1
79,84,1
79,85,1
79,86,3
79,87,2
79,88,4
79,89,3
79,90,2
79,91,1
79,93,1
79,94,2
79,95,2
80,81,1
80,82,2
80,83,1
80,84,1
80,85,2
80,86,3
80,87,2
80,88,3
80,89,3
80,90,1
80,91,1
80,92,1
80,93,1
80,94,2
80,95,2
80,96,2
81,82,3
81,83,3
81,84,2
81,85,1
81,86,1
81,87,1
81,88,1
81,89,1
81,90,1
81,91,1
81,92,1
81,93,2
81,94,1
81,95,2
81,96,1
82,83,3
82,84,1
82,85,1
82,86,2
82,87,2
82,88,2
82,89,3
82,90,1
82,93,1
82,94,1
82,95,2
83,84,2
83,85,1
83,86,2
83,87,1
83,88,1
83,89,1
83,90,1
83,91,2
83,93,2
83,94,1
83,95,1
84,85,2
84,86,3
84,87,2
84,88,1
84,89,1
84,90,2
84,91,1
84,92,1
84,93,3
84,94,1
84,95,1
85,86,2
85,87,3
85,88,1
85,89,1
85,93,1
85,94,1
85,95,1
85,96,1
86,87,3
86,88,3
86,89,4
86,90,2
86,91,2
86,93,2
86,94,2
86,95,2
87,88,2
87,89,2
87,90,1
87,93,2
87,94,2
87,95,3
88,89,4
88,90,3
88,91,2
88,92,1
88,93,2
88,94,3
88,95,3
88,96,2
89,90,2
89,91,2
89,92,1
89,93,2
89,94,3
89,95,3
89,96,1
90,91,2
90,92,2
90,93,3
90,94,1
90,95,2
90,96,1
91,92,1
91,93,2
91,94,2
91,95,1
91,96,1
92,93,2
92,94,1
92,95,1
92,96,1
93,94,2
93,95,2
93,96,1
94,95,3
94,96,1
95,96,2
